{
    "MAE": 4.8207015491678,
    "MSE": 72.40269285235696,
    "R2": 0.6494330065804408
}